{
  "suite": "travel",
  "utility_user_tasks": 0.85,
  "utility_injection_tasks": 0.8571428571428571,
  "utility_with_attack": 0.8428571428571429,
  "security": 0.0,
  "count": 167
}