{
  "suite": "travel",
  "utility_user_tasks": 0.2,
  "utility_injection_tasks": 0.5714285714285714,
  "utility_with_attack": 0.17142857142857143,
  "security": 0.0,
  "count": 47
}