{
  "suite": "banking",
  "utility_user_tasks": 0.8125,
  "utility_injection_tasks": 1.0,
  "utility_with_attack": 0.7083333333333334,
  "security": 0.034722222222222224,
  "count": 169
}