{
  "suite": "slack",
  "utility_user_tasks": 0.2857142857142857,
  "utility_injection_tasks": 0.6666666666666666,
  "utility_with_attack": 0.2222222222222222,
  "security": 0.015873015873015872,
  "count": 87
}