{
  "suite": "slack",
  "utility_user_tasks": 0.19047619047619047,
  "utility_injection_tasks": 0.6666666666666666,
  "utility_with_attack": 0.15873015873015872,
  "security": 0.06349206349206349,
  "count": 87
}