{
  "suite": "slack",
  "utility_user_tasks": 0.3333333333333333,
  "utility_injection_tasks": 0.6666666666666666,
  "utility_with_attack": 0.2857142857142857,
  "security": 0.1746031746031746,
  "count": 87
}