{
  "suite": "slack",
  "utility_user_tasks": 0.38095238095238093,
  "utility_injection_tasks": 0.4,
  "utility_with_attack": 0.2571428571428571,
  "security": 0.02857142857142857,
  "count": 131
}