{
  "suite": "workspace",
  "utility_user_tasks": 0.75,
  "utility_injection_tasks": 0.6666666666666666,
  "utility_with_attack": 0.48333333333333334,
  "security": 0.26666666666666666,
  "count": 163
}