{
  "suite": "workspace",
  "utility_user_tasks": 0.3,
  "utility_injection_tasks": 0.3333333333333333,
  "utility_with_attack": 0.3333333333333333,
  "security": 0.0,
  "count": 163
}