{
  "suite": "slack",
  "utility_user_tasks": 0.38095238095238093,
  "utility_injection_tasks": 0.4,
  "utility_with_attack": 0.3333333333333333,
  "security": 0.0,
  "count": 131
}