{
  "suite": "slack",
  "utility_user_tasks": 0.23809523809523808,
  "utility_injection_tasks": 0.6,
  "utility_with_attack": 0.1619047619047619,
  "security": 0.05714285714285714,
  "count": 131
}