{
  "suite": "workspace",
  "utility_user_tasks": 0.725,
  "utility_injection_tasks": 0.35714285714285715,
  "utility_with_attack": 0.7571428571428571,
  "security": 0.0,
  "count": 614
}