{
  "suite": "slack",
  "utility_user_tasks": 0.5238095238095238,
  "utility_injection_tasks": 1.0,
  "utility_with_attack": 0.49206349206349204,
  "security": 0.49206349206349204,
  "count": 87
}