{
  "suite": "travel",
  "utility_user_tasks": 0.05,
  "utility_injection_tasks": 0.7142857142857143,
  "utility_with_attack": 0.007142857142857143,
  "security": 0.0,
  "count": 167
}