{
  "suite": "workspace",
  "utility_user_tasks": 0.225,
  "utility_injection_tasks": 0.6666666666666666,
  "utility_with_attack": 0.24166666666666667,
  "security": 0.0,
  "count": 163
}