{
  "suite": "banking",
  "utility_user_tasks": 0.375,
  "utility_injection_tasks": 0.1111111111111111,
  "utility_with_attack": 0.3958333333333333,
  "security": 0.0,
  "count": 169
}