{
  "suite": "banking",
  "utility_user_tasks": 0.75,
  "utility_injection_tasks": 1.0,
  "utility_with_attack": 0.7916666666666666,
  "security": 0.041666666666666664,
  "count": 169
}