{
  "suite": "slack",
  "utility_user_tasks": 0.9523809523809523,
  "utility_injection_tasks": 1.0,
  "utility_with_attack": 0.7142857142857143,
  "security": 0.01904761904761905,
  "count": 131
}