{
  "suite": "workspace",
  "utility_user_tasks": 0.275,
  "utility_injection_tasks": 0.6666666666666666,
  "utility_with_attack": 0.30833333333333335,
  "security": 0.0,
  "count": 163
}