{
  "suite": "workspace",
  "utility_user_tasks": 0.3,
  "utility_injection_tasks": 0.21428571428571427,
  "utility_with_attack": 0.2392857142857143,
  "security": 0.005357142857142857,
  "count": 614
}