{
  "suite": "workspace",
  "utility_user_tasks": 0.6,
  "utility_injection_tasks": 0.21428571428571427,
  "utility_with_attack": 0.5607142857142857,
  "security": 0.0,
  "count": 614
}