{
  "suite": "banking",
  "utility_user_tasks": 0.9375,
  "utility_injection_tasks": 1.0,
  "utility_with_attack": 0.8472222222222222,
  "security": 0.1527777777777778,
  "count": 169
}