{
  "suite": "workspace",
  "utility_user_tasks": 0.925,
  "utility_injection_tasks": 0.6428571428571429,
  "utility_with_attack": 0.9357142857142857,
  "security": 0.01607142857142857,
  "count": 614
}