{
  "suite": "workspace",
  "utility_user_tasks": 0.55,
  "utility_injection_tasks": 0.14285714285714285,
  "utility_with_attack": 0.4767857142857143,
  "security": 0.0,
  "count": 614
}