{
  "suite": "banking",
  "utility_user_tasks": 0.8125,
  "utility_injection_tasks": 1.0,
  "utility_with_attack": 0.6666666666666666,
  "security": 0.3958333333333333,
  "count": 67
}