{
  "suite": "travel",
  "utility_user_tasks": 0.05,
  "utility_injection_tasks": 0.42857142857142855,
  "utility_with_attack": 0.06428571428571428,
  "security": 0.0,
  "count": 167
}