{
  "suite": "travel",
  "utility_user_tasks": 0.4,
  "utility_injection_tasks": 0.6666666666666666,
  "utility_with_attack": 0.26666666666666666,
  "security": 0.25,
  "count": 83
}