{
  "suite": "slack",
  "utility_user_tasks": 0.14285714285714285,
  "utility_injection_tasks": 0.4,
  "utility_with_attack": 0.11428571428571428,
  "security": 0.0,
  "count": 131
}