{
  "suite": "workspace",
  "utility_user_tasks": 0.35,
  "utility_injection_tasks": 0.6666666666666666,
  "utility_with_attack": 0.31666666666666665,
  "security": 0.016666666666666666,
  "count": 163
}